{"accuracy": 0.8012422360248447, "precision": 0.7682926829268293, "recall": 0.8289473684210527, "f1": 0.7974683544303798, "tp": 63, "tn": 66, "fp": 19, "fn": 13}