{"accuracy": 0.7639751552795031, "precision": 0.7567567567567568, "recall": 0.7368421052631579, "f1": 0.7466666666666667, "tp": 56, "tn": 67, "fp": 18, "fn": 20}